binary,binary_path,library,outcome,current_status,libseeker_status,current_score,libseeker_score,current_block_best,current_rodata_best,current_matched_cu,libseeker_matched_cu,current_total_cu,libseeker_total_cu,current_matched_functions,libseeker_matched_functions,current_time,libseeker_time,current_total_time,libseeker_total_time,current_log_path,libseeker_log_path
grep_O0_grep,/home/zfirefist/Desktop/Thesis_Binary_Analysis/Dataset/builds/elf_builds/grep-3.12/grep_O0/grep,libbz2.a.2-1.0.8,missing_libseeker,NO,,0.00,,91.64,0.22,0,,4,,0,,00:00:25,,01:58:18,,grep_O0_O2_both_results/raw/current/grep_O0_grep.raw.log,
grep_O0_grep,/home/zfirefist/Desktop/Thesis_Binary_Analysis/Dataset/builds/elf_builds/grep-3.12/grep_O0/grep,libc.a.2.33,missing_libseeker,YES,,92.23,,99.17,100.00,167,,356,,529,,00:13:32,,01:58:18,,grep_O0_O2_both_results/raw/current/grep_O0_grep.raw.log,
grep_O0_grep,/home/zfirefist/Desktop/Thesis_Binary_Analysis/Dataset/builds/elf_builds/grep-3.12/grep_O0/grep,libc.a.2.40,missing_libseeker,YES,,93.86,,99.88,100.00,238,,432,,828,,00:13:47,,01:58:18,,grep_O0_O2_both_results/raw/current/grep_O0_grep.raw.log,
grep_O0_grep,/home/zfirefist/Desktop/Thesis_Binary_Analysis/Dataset/builds/elf_builds/grep-3.12/grep_O0/grep,libcharset.a.2.80.0,missing_libseeker,NO,,0.00,,,,0,,0,,0,,00:00:00,,01:58:18,,grep_O0_O2_both_results/raw/current/grep_O0_grep.raw.log,
grep_O0_grep,/home/zfirefist/Desktop/Thesis_Binary_Analysis/Dataset/builds/elf_builds/grep-3.12/grep_O0/grep,libcharset.a.2.80.1,missing_libseeker,NO,,0.00,,,,0,,0,,0,,00:00:00,,01:58:18,,grep_O0_O2_both_results/raw/current/grep_O0_grep.raw.log,
grep_O0_grep,/home/zfirefist/Desktop/Thesis_Binary_Analysis/Dataset/builds/elf_builds/grep-3.12/grep_O0/grep,libcrypto.a.3.0.13,missing_libseeker,YES,,92.10,,99.72,50.00,72,,744,,288,,01:09:01,,01:58:18,,grep_O0_O2_both_results/raw/current/grep_O0_grep.raw.log,
grep_O0_grep,/home/zfirefist/Desktop/Thesis_Binary_Analysis/Dataset/builds/elf_builds/grep-3.12/grep_O0/grep,libpcre2-8.a.2-10.41,missing_libseeker,YES,,93.10,,96.92,100.00,6,,16,,18,,00:03:20,,01:58:18,,grep_O0_O2_both_results/raw/current/grep_O0_grep.raw.log,
grep_O0_grep,/home/zfirefist/Desktop/Thesis_Binary_Analysis/Dataset/builds/elf_builds/grep-3.12/grep_O0/grep,libpcre2-8.a.2-10.42,missing_libseeker,YES,,93.10,,96.92,100.00,6,,16,,18,,00:03:21,,01:58:18,,grep_O0_O2_both_results/raw/current/grep_O0_grep.raw.log,
grep_O0_grep,/home/zfirefist/Desktop/Thesis_Binary_Analysis/Dataset/builds/elf_builds/grep-3.12/grep_O0/grep,libpcre2-posix.a.2-10.42,missing_libseeker,NO,,0.00,,92.65,4.30,0,,1,,0,,00:00:00,,01:58:18,,grep_O0_O2_both_results/raw/current/grep_O0_grep.raw.log,
grep_O2_grep,/home/zfirefist/Desktop/Thesis_Binary_Analysis/Dataset/builds/elf_builds/grep-3.12/grep_O2/grep,libbz2.a.2-1.0.8,missing_libseeker,NO,,0.00,,91.40,0.22,0,,4,,0,,00:00:21,,01:42:33,,grep_O0_O2_both_results/raw/current/grep_O2_grep.raw.log,
grep_O2_grep,/home/zfirefist/Desktop/Thesis_Binary_Analysis/Dataset/builds/elf_builds/grep-3.12/grep_O2/grep,libc.a.2.33,missing_libseeker,YES,,92.38,,99.17,100.00,172,,356,,562,,00:11:14,,01:42:33,,grep_O0_O2_both_results/raw/current/grep_O2_grep.raw.log,
grep_O2_grep,/home/zfirefist/Desktop/Thesis_Binary_Analysis/Dataset/builds/elf_builds/grep-3.12/grep_O2/grep,libc.a.2.40,missing_libseeker,YES,,93.88,,99.88,100.00,237,,432,,836,,00:11:31,,01:42:33,,grep_O0_O2_both_results/raw/current/grep_O2_grep.raw.log,
grep_O2_grep,/home/zfirefist/Desktop/Thesis_Binary_Analysis/Dataset/builds/elf_builds/grep-3.12/grep_O2/grep,libcharset.a.2.80.0,missing_libseeker,NO,,0.00,,,,0,,0,,0,,00:00:00,,01:42:33,,grep_O0_O2_both_results/raw/current/grep_O2_grep.raw.log,
grep_O2_grep,/home/zfirefist/Desktop/Thesis_Binary_Analysis/Dataset/builds/elf_builds/grep-3.12/grep_O2/grep,libcharset.a.2.80.1,missing_libseeker,NO,,0.00,,,,0,,0,,0,,00:00:00,,01:42:33,,grep_O0_O2_both_results/raw/current/grep_O2_grep.raw.log,
grep_O2_grep,/home/zfirefist/Desktop/Thesis_Binary_Analysis/Dataset/builds/elf_builds/grep-3.12/grep_O2/grep,libcrypto.a.3.0.13,missing_libseeker,YES,,91.80,,99.72,50.00,77,,744,,342,,00:59:16,,01:42:33,,grep_O0_O2_both_results/raw/current/grep_O2_grep.raw.log,
grep_O2_grep,/home/zfirefist/Desktop/Thesis_Binary_Analysis/Dataset/builds/elf_builds/grep-3.12/grep_O2/grep,libpcre2-8.a.2-10.41,missing_libseeker,YES,,98.69,,99.96,100.00,10,,16,,76,,00:02:58,,01:42:33,,grep_O0_O2_both_results/raw/current/grep_O2_grep.raw.log,
grep_O2_grep,/home/zfirefist/Desktop/Thesis_Binary_Analysis/Dataset/builds/elf_builds/grep-3.12/grep_O2/grep,libpcre2-8.a.2-10.42,missing_libseeker,YES,,98.69,,99.96,100.00,10,,16,,76,,00:02:58,,01:42:33,,grep_O0_O2_both_results/raw/current/grep_O2_grep.raw.log,
grep_O2_grep,/home/zfirefist/Desktop/Thesis_Binary_Analysis/Dataset/builds/elf_builds/grep-3.12/grep_O2/grep,libpcre2-posix.a.2-10.42,missing_libseeker,NO,,0.00,,95.97,4.86,0,,1,,0,,00:00:00,,01:42:33,,grep_O0_O2_both_results/raw/current/grep_O2_grep.raw.log,
