pipeline,binary,binary_path,library,library_family,ground_truth_variant,expected_present,predicted_present,classification,correct,pipeline_status,pipeline_score,block_best,rodata_best,matched_cu,total_cu,ground_truth_source,ground_truth_optimization,ground_truth_included_cu,ground_truth_total_cu
libseeker,grep_O0_grep,/home/zfirefist/Desktop/Thesis_Binary_Analysis/Dataset/builds/elf_builds/grep-3.12/grep_O0/grep,libc.a.2.33,glibc,grep_O0,True,True,TP,True,YES,100.00,,,1569,1569,glibc-2.41,O3,535,2214
libseeker,grep_O0_grep,/home/zfirefist/Desktop/Thesis_Binary_Analysis/Dataset/builds/elf_builds/grep-3.12/grep_O0/grep,libc.a.2.40,glibc,grep_O0,True,True,TP,True,YES,100.00,,,2037,2037,glibc-2.41,O3,535,2214
libseeker,grep_O0_grep,/home/zfirefist/Desktop/Thesis_Binary_Analysis/Dataset/builds/elf_builds/grep-3.12/grep_O0/grep,libcharset.a.2.80.0,charset,grep_O0,False,False,TN,True,NO,0.00,,,0,0,,,0,0
libseeker,grep_O0_grep,/home/zfirefist/Desktop/Thesis_Binary_Analysis/Dataset/builds/elf_builds/grep-3.12/grep_O0/grep,libcharset.a.2.80.1,charset,grep_O0,False,False,TN,True,NO,0.00,,,0,0,,,0,0
libseeker,grep_O0_grep,/home/zfirefist/Desktop/Thesis_Binary_Analysis/Dataset/builds/elf_builds/grep-3.12/grep_O0/grep,libpcre2-8.a.2-10.41,pcre2,grep_O0,True,True,TP,True,YES,100.00,,,24,24,pcre2-10.47,O3,24,31
libseeker,grep_O0_grep,/home/zfirefist/Desktop/Thesis_Binary_Analysis/Dataset/builds/elf_builds/grep-3.12/grep_O0/grep,libpcre2-8.a.2-10.42,pcre2,grep_O0,True,True,TP,True,YES,100.00,,,24,24,pcre2-10.47,O3,24,31
libseeker,grep_O0_grep,/home/zfirefist/Desktop/Thesis_Binary_Analysis/Dataset/builds/elf_builds/grep-3.12/grep_O0/grep,libpcre2-posix.a.2-10.42,pcre2-posix,grep_O0,False,True,FP,False,YES,100.00,,,1,1,,,0,0
libseeker,grep_O0_grep,/home/zfirefist/Desktop/Thesis_Binary_Analysis/Dataset/builds/elf_builds/grep-3.12/grep_O0/grep,libbz2.a.2-1.0.8,libbz2,grep_O0,False,True,FP,False,YES,100.00,,,5,5,,,0,0
libseeker,grep_O0_grep,/home/zfirefist/Desktop/Thesis_Binary_Analysis/Dataset/builds/elf_builds/grep-3.12/grep_O0/grep,libcrypto.a.3.0.13,libcrypto,grep_O0,False,True,FP,False,YES,100.00,,,879,879,,,0,0
libseeker,grep_O2_grep,/home/zfirefist/Desktop/Thesis_Binary_Analysis/Dataset/builds/elf_builds/grep-3.12/grep_O2/grep,libc.a.2.33,glibc,grep_O2,True,True,TP,True,YES,100.00,,,1569,1569,glibc-2.41,O2,532,2214
libseeker,grep_O2_grep,/home/zfirefist/Desktop/Thesis_Binary_Analysis/Dataset/builds/elf_builds/grep-3.12/grep_O2/grep,libc.a.2.40,glibc,grep_O2,True,True,TP,True,YES,100.00,,,2037,2037,glibc-2.41,O2,532,2214
libseeker,grep_O2_grep,/home/zfirefist/Desktop/Thesis_Binary_Analysis/Dataset/builds/elf_builds/grep-3.12/grep_O2/grep,libcharset.a.2.80.0,charset,grep_O2,False,False,TN,True,NO,0.00,,,0,0,,,0,0
libseeker,grep_O2_grep,/home/zfirefist/Desktop/Thesis_Binary_Analysis/Dataset/builds/elf_builds/grep-3.12/grep_O2/grep,libcharset.a.2.80.1,charset,grep_O2,False,False,TN,True,NO,0.00,,,0,0,,,0,0
libseeker,grep_O2_grep,/home/zfirefist/Desktop/Thesis_Binary_Analysis/Dataset/builds/elf_builds/grep-3.12/grep_O2/grep,libpcre2-8.a.2-10.41,pcre2,grep_O2,True,True,TP,True,YES,100.00,,,24,24,pcre2-10.47,O0,24,31
libseeker,grep_O2_grep,/home/zfirefist/Desktop/Thesis_Binary_Analysis/Dataset/builds/elf_builds/grep-3.12/grep_O2/grep,libpcre2-8.a.2-10.42,pcre2,grep_O2,True,True,TP,True,YES,100.00,,,24,24,pcre2-10.47,O0,24,31
libseeker,grep_O2_grep,/home/zfirefist/Desktop/Thesis_Binary_Analysis/Dataset/builds/elf_builds/grep-3.12/grep_O2/grep,libpcre2-posix.a.2-10.42,pcre2-posix,grep_O2,False,True,FP,False,YES,100.00,,,1,1,,,0,0
libseeker,grep_O2_grep,/home/zfirefist/Desktop/Thesis_Binary_Analysis/Dataset/builds/elf_builds/grep-3.12/grep_O2/grep,libbz2.a.2-1.0.8,libbz2,grep_O2,False,True,FP,False,YES,100.00,,,5,5,,,0,0
libseeker,grep_O2_grep,/home/zfirefist/Desktop/Thesis_Binary_Analysis/Dataset/builds/elf_builds/grep-3.12/grep_O2/grep,libcrypto.a.3.0.13,libcrypto,grep_O2,False,True,FP,False,YES,100.00,,,879,879,,,0,0
