pipeline,binary,binary_path,library,status,score,block_best,rodata_best,rodata_confirmed_cu,rodata_penalty_cu,candidate_cu,matched_cu,total_cu,matched_functions,time,total_time,log_path
libseeker,grep_O0_grep,/home/zfirefist/Desktop/Thesis_Binary_Analysis/Dataset/builds/elf_builds/grep-3.12/grep_O0/grep,libbz2.a.2-1.0.8,YES,100.00,,,,,,5,5,44,00:00:00,04:51:21,/home/zfirefist/Desktop/Thesis_Binary_Analysis/FunctionMatching/thesis_code/grep_O0_O2_both_results/raw/libseeker/grep_O0_grep.raw.log
libseeker,grep_O0_grep,/home/zfirefist/Desktop/Thesis_Binary_Analysis/Dataset/builds/elf_builds/grep-3.12/grep_O0/grep,libc.a.2.33,YES,100.00,,,,,,1569,1569,2867,00:00:02,04:51:21,/home/zfirefist/Desktop/Thesis_Binary_Analysis/FunctionMatching/thesis_code/grep_O0_O2_both_results/raw/libseeker/grep_O0_grep.raw.log
libseeker,grep_O0_grep,/home/zfirefist/Desktop/Thesis_Binary_Analysis/Dataset/builds/elf_builds/grep-3.12/grep_O0/grep,libc.a.2.40,YES,100.00,,,,,,2037,2037,3604,00:00:03,04:51:21,/home/zfirefist/Desktop/Thesis_Binary_Analysis/FunctionMatching/thesis_code/grep_O0_O2_both_results/raw/libseeker/grep_O0_grep.raw.log
libseeker,grep_O0_grep,/home/zfirefist/Desktop/Thesis_Binary_Analysis/Dataset/builds/elf_builds/grep-3.12/grep_O0/grep,libcharset.a.2.80.0,NO,0.00,,,,,,0,0,0,00:00:00,04:51:21,/home/zfirefist/Desktop/Thesis_Binary_Analysis/FunctionMatching/thesis_code/grep_O0_O2_both_results/raw/libseeker/grep_O0_grep.raw.log
libseeker,grep_O0_grep,/home/zfirefist/Desktop/Thesis_Binary_Analysis/Dataset/builds/elf_builds/grep-3.12/grep_O0/grep,libcharset.a.2.80.1,NO,0.00,,,,,,0,0,0,00:00:00,04:51:21,/home/zfirefist/Desktop/Thesis_Binary_Analysis/FunctionMatching/thesis_code/grep_O0_O2_both_results/raw/libseeker/grep_O0_grep.raw.log
libseeker,grep_O0_grep,/home/zfirefist/Desktop/Thesis_Binary_Analysis/Dataset/builds/elf_builds/grep-3.12/grep_O0/grep,libcrypto.a.3.0.13,YES,100.00,,,,,,879,879,10599,00:00:02,04:51:21,/home/zfirefist/Desktop/Thesis_Binary_Analysis/FunctionMatching/thesis_code/grep_O0_O2_both_results/raw/libseeker/grep_O0_grep.raw.log
libseeker,grep_O0_grep,/home/zfirefist/Desktop/Thesis_Binary_Analysis/Dataset/builds/elf_builds/grep-3.12/grep_O0/grep,libpcre2-8.a.2-10.41,YES,100.00,,,,,,24,24,151,00:00:00,04:51:21,/home/zfirefist/Desktop/Thesis_Binary_Analysis/FunctionMatching/thesis_code/grep_O0_O2_both_results/raw/libseeker/grep_O0_grep.raw.log
libseeker,grep_O0_grep,/home/zfirefist/Desktop/Thesis_Binary_Analysis/Dataset/builds/elf_builds/grep-3.12/grep_O0/grep,libpcre2-8.a.2-10.42,YES,100.00,,,,,,24,24,151,00:00:00,04:51:21,/home/zfirefist/Desktop/Thesis_Binary_Analysis/FunctionMatching/thesis_code/grep_O0_O2_both_results/raw/libseeker/grep_O0_grep.raw.log
libseeker,grep_O0_grep,/home/zfirefist/Desktop/Thesis_Binary_Analysis/Dataset/builds/elf_builds/grep-3.12/grep_O0/grep,libpcre2-posix.a.2-10.42,YES,100.00,,,,,,1,1,4,00:00:00,04:51:21,/home/zfirefist/Desktop/Thesis_Binary_Analysis/FunctionMatching/thesis_code/grep_O0_O2_both_results/raw/libseeker/grep_O0_grep.raw.log
libseeker,grep_O2_grep,/home/zfirefist/Desktop/Thesis_Binary_Analysis/Dataset/builds/elf_builds/grep-3.12/grep_O2/grep,libbz2.a.2-1.0.8,YES,100.00,,,,,,5,5,44,00:00:00,05:00:01,/home/zfirefist/Desktop/Thesis_Binary_Analysis/FunctionMatching/thesis_code/grep_O0_O2_both_results/raw/libseeker/grep_O2_grep.raw.log
libseeker,grep_O2_grep,/home/zfirefist/Desktop/Thesis_Binary_Analysis/Dataset/builds/elf_builds/grep-3.12/grep_O2/grep,libc.a.2.33,YES,100.00,,,,,,1569,1569,2867,00:00:02,05:00:01,/home/zfirefist/Desktop/Thesis_Binary_Analysis/FunctionMatching/thesis_code/grep_O0_O2_both_results/raw/libseeker/grep_O2_grep.raw.log
libseeker,grep_O2_grep,/home/zfirefist/Desktop/Thesis_Binary_Analysis/Dataset/builds/elf_builds/grep-3.12/grep_O2/grep,libc.a.2.40,YES,100.00,,,,,,2037,2037,3604,00:00:02,05:00:01,/home/zfirefist/Desktop/Thesis_Binary_Analysis/FunctionMatching/thesis_code/grep_O0_O2_both_results/raw/libseeker/grep_O2_grep.raw.log
libseeker,grep_O2_grep,/home/zfirefist/Desktop/Thesis_Binary_Analysis/Dataset/builds/elf_builds/grep-3.12/grep_O2/grep,libcharset.a.2.80.0,NO,0.00,,,,,,0,0,0,00:00:00,05:00:01,/home/zfirefist/Desktop/Thesis_Binary_Analysis/FunctionMatching/thesis_code/grep_O0_O2_both_results/raw/libseeker/grep_O2_grep.raw.log
libseeker,grep_O2_grep,/home/zfirefist/Desktop/Thesis_Binary_Analysis/Dataset/builds/elf_builds/grep-3.12/grep_O2/grep,libcharset.a.2.80.1,NO,0.00,,,,,,0,0,0,00:00:00,05:00:01,/home/zfirefist/Desktop/Thesis_Binary_Analysis/FunctionMatching/thesis_code/grep_O0_O2_both_results/raw/libseeker/grep_O2_grep.raw.log
libseeker,grep_O2_grep,/home/zfirefist/Desktop/Thesis_Binary_Analysis/Dataset/builds/elf_builds/grep-3.12/grep_O2/grep,libcrypto.a.3.0.13,YES,100.00,,,,,,879,879,10599,00:00:02,05:00:01,/home/zfirefist/Desktop/Thesis_Binary_Analysis/FunctionMatching/thesis_code/grep_O0_O2_both_results/raw/libseeker/grep_O2_grep.raw.log
libseeker,grep_O2_grep,/home/zfirefist/Desktop/Thesis_Binary_Analysis/Dataset/builds/elf_builds/grep-3.12/grep_O2/grep,libpcre2-8.a.2-10.41,YES,100.00,,,,,,24,24,151,00:00:00,05:00:01,/home/zfirefist/Desktop/Thesis_Binary_Analysis/FunctionMatching/thesis_code/grep_O0_O2_both_results/raw/libseeker/grep_O2_grep.raw.log
libseeker,grep_O2_grep,/home/zfirefist/Desktop/Thesis_Binary_Analysis/Dataset/builds/elf_builds/grep-3.12/grep_O2/grep,libpcre2-8.a.2-10.42,YES,100.00,,,,,,24,24,151,00:00:00,05:00:01,/home/zfirefist/Desktop/Thesis_Binary_Analysis/FunctionMatching/thesis_code/grep_O0_O2_both_results/raw/libseeker/grep_O2_grep.raw.log
libseeker,grep_O2_grep,/home/zfirefist/Desktop/Thesis_Binary_Analysis/Dataset/builds/elf_builds/grep-3.12/grep_O2/grep,libpcre2-posix.a.2-10.42,YES,100.00,,,,,,1,1,4,00:00:00,05:00:01,/home/zfirefist/Desktop/Thesis_Binary_Analysis/FunctionMatching/thesis_code/grep_O0_O2_both_results/raw/libseeker/grep_O2_grep.raw.log
