name	url	revision
acl	https://git.launchpad.net/ubuntu/+source/acl	a7046bb7bf23ee07acef59c437054e881c7e358f
attr	https://git.launchpad.net/ubuntu/+source/attr	a3f391c05e792a805c613d74872a0d25d6728c1b
brotli	https://github.com/google/brotli.git	440e03642b891968a76b6d088d70f01f06e0c349
bzip2	https://gitlab.com/bzip2/bzip2.git	66c46b8c9436613fd81bc5d03f63a61933a4dcc3
fontconfig	https://gitlab.freedesktop.org/fontconfig/fontconfig.git	8cf0ce700a8abe0d97ace4bf7efc7f9534b729ba
freetype	https://gitlab.freedesktop.org/freetype/freetype.git	013adc82b953d8462a24e4060db41dce548ac071
glib	https://github.com/GNOME/glib.git	ed07e34447db0c6bd88ed7d924ed495edbc92417
graphite	https://github.com/silnrsi/graphite.git	93e20f92f7c29911d50b0ec2d70fc71d3f43c429
harfbuzz	https://github.com/harfbuzz/harfbuzz.git	3e93786cc4c57bbf9ddf6de007a82413ae59b734
libXinerama	https://gitlab.freedesktop.org/xorg/lib/libXinerama.git	2344df8f821f9becc8aaa6af939b535b51d4a332
libbsd	https://gitlab.freedesktop.org/libbsd/libbsd.git	04a24db27ad1572f766bad772cdd9c146e6d9cf0
libcap	https://gitlab.com/cet-software/libcap.git	9bdfc8609add40594fc2537b22722d16ccd56227
libdatrie	https://github.com/tlwg/libdatrie.git	2d8744283f0a8055ccd3c8d26be04bbce22a0870
libexpat	https://github.com/libexpat/libexpat.git	74f0b8b241ddca25c26709512425e041aff8784d
libffi	https://github.com/libffi/libffi.git	c6f1610509d3d146017d6cc30020ce334bde8425
libmd	https://git.hadrons.org/git/libmd.git	d5b8e853989a73f8fff9dc4e00dccd0b691b84f9
libpng	https://github.com/pnggroup/libpng.git	0e37c0b477a9bb34f25f8e29170b76100146e8f3
libthai	https://github.com/tlwg/libthai.git	e1da96c3101f52e0107e01b454793827b32d437a
libxau	https://gitlab.freedesktop.org/xorg/lib/libxau.git	eb1d1d7f2dc9888609ed65df6348dc3a46bc207d
libxcomposite	https://gitlab.freedesktop.org/xorg/lib/libxcomposite.git	f796f0a862849765ac5b6b5e861ea548b421b8f0
libxcrypt	https://git.launchpad.net/ubuntu/+source/libxcrypt	2aa1c096529beadce182a96657f99e9231944088
libxcursor	https://gitlab.freedesktop.org/xorg/lib/libxcursor.git	61b84c2d424f363fb0983cb478937de87084ef54
libxdamage	https://gitlab.freedesktop.org/xorg/lib/libxdamage.git	1319ae5cfbde5b75e23383baa5e00cc23513448c
libxdmcp	https://gitlab.freedesktop.org/xorg/lib/libxdmcp.git	8f3408f3936bacd08f76d5ee22cbc86e6b627287
libxext	https://gitlab.freedesktop.org/xorg/lib/libxext.git	23eeaa46152fb91a0601571f989c0d625bfc9994
libxfixes	https://gitlab.freedesktop.org/xorg/lib/libxfixes.git	f50dd4df16163da731ad9f251cc98b9ccd0e7455
libxi	https://gitlab.freedesktop.org/xorg/lib/libxi.git	3c2d5aedd7708c75710b39268631762de904c304
libxrandr	https://gitlab.freedesktop.org/xorg/lib/libxrandr.git	8bf72e84e3cf0106532c5c7b8b30154ce48c70e0
libxrender	https://gitlab.freedesktop.org/xorg/lib/libxrender.git	01c4bb5b30bbb09921ca4042da369a60a73faefa
libxt	https://gitlab.freedesktop.org/xorg/lib/libxt.git	c058592b4de3522e13dbe6f4fa631802da7a6f0c
mpfr	https://gitlab.inria.fr/mpfr/mpfr.git	f3c56716f369380dd7758768fd8bcac800145ff3
openssl	https://github.com/openssl/openssl.git	a198caa5e34a2003f83b5cd4419f864da55eb0a5
pango	https://gitlab.gnome.org/GNOME/pango.git	d7a4ebaac0fb10d5d16bd51e3a36869795b2d80d
pcre2	https://github.com/PCRE2Project/pcre2.git	716c1fd811754c6933a785125470296e7d000740
pixman	https://gitlab.freedesktop.org/pixman/pixman.git	3cd8be9cc4505f8ed4d754d752ffe9715e532d84
readline	https://git.launchpad.net/ubuntu/+source/readline	a1877020ead4a4e7645fa0ef1d7b0cee78fa461c
selinux	https://github.com/SELinuxProject/selinux.git	847be2e67ab3d7deadb8c79834456ed997112ffe
xz	https://github.com/tukaani-project/xz.git	ab45bdf4322879dc2859b1f66f1f8cf89cdebe2c
zlib	https://git.build2.org/packaging/zlib/zlib.git	ff2f1320336175b38c6c391f63664d2739679431
