binary,mode,library,status,score,coarse_best,block_best,block_profile,block_candidate_mode,candidate_cu,primary_candidate_cu,recovery_candidate_cu,matched_cu,total_cu,matched_functions,time,log_path
grep.gcc.O0,old,libacl.a,YES,88.60,92.00,,,,,,,5,9,12,00:00:00,/home/zfirefist/Desktop/Thesis_Binary_Analysis/FunctionMatching/thesis_code/grep_selected_results/raw/grep.gcc.O0.old.raw.log
grep.gcc.O0,old,libattr.a,NO,0.00,0.00,,,,,,,0,2,0,00:00:00,/home/zfirefist/Desktop/Thesis_Binary_Analysis/FunctionMatching/thesis_code/grep_selected_results/raw/grep.gcc.O0.old.raw.log
grep.gcc.O0,old,libbz2.a,YES,90.50,99.00,,,,,,,2,4,8,00:00:00,/home/zfirefist/Desktop/Thesis_Binary_Analysis/FunctionMatching/thesis_code/grep_selected_results/raw/grep.gcc.O0.old.raw.log
grep.gcc.O0,old,libncurses.a,YES,86.16,100.00,,,,,,,31,101,95,00:00:00,/home/zfirefist/Desktop/Thesis_Binary_Analysis/FunctionMatching/thesis_code/grep_selected_results/raw/grep.gcc.O0.old.raw.log
grep.gcc.O0,old,libpcre2-8.a,YES,95.64,100.00,,,,,,,14,16,120,00:00:00,/home/zfirefist/Desktop/Thesis_Binary_Analysis/FunctionMatching/thesis_code/grep_selected_results/raw/grep.gcc.O0.old.raw.log
grep.gcc.O0,old,libreadline.a,YES,89.80,100.00,,,,,,,5,33,17,00:00:00,/home/zfirefist/Desktop/Thesis_Binary_Analysis/FunctionMatching/thesis_code/grep_selected_results/raw/grep.gcc.O0.old.raw.log
grep.gcc.O0,old,libuuid.a,YES,83.00,86.00,,,,,,,2,7,7,00:00:00,/home/zfirefist/Desktop/Thesis_Binary_Analysis/FunctionMatching/thesis_code/grep_selected_results/raw/grep.gcc.O0.old.raw.log
grep.gcc.O0,block,libacl.a,YES,84.16,92.00,86.68,cross_optimization,coarse,9/9,7,2,8,9,19,00:00:00,/home/zfirefist/Desktop/Thesis_Binary_Analysis/FunctionMatching/thesis_code/grep_selected_results/raw/grep.gcc.O0.block.raw.log
grep.gcc.O0,block,libattr.a,NO,0.00,0.00,0.00,cross_optimization,coarse,0/2,0,0,0,2,0,00:00:00,/home/zfirefist/Desktop/Thesis_Binary_Analysis/FunctionMatching/thesis_code/grep_selected_results/raw/grep.gcc.O0.block.raw.log
grep.gcc.O0,block,libbz2.a,YES,88.05,99.00,89.15,cross_optimization,coarse,4/4,4,0,2,4,8,00:00:00,/home/zfirefist/Desktop/Thesis_Binary_Analysis/FunctionMatching/thesis_code/grep_selected_results/raw/grep.gcc.O0.block.raw.log
grep.gcc.O0,block,libncurses.a,YES,82.90,100.00,90.99,cross_optimization,coarse,93/101,81,12,42,101,154,00:00:00,/home/zfirefist/Desktop/Thesis_Binary_Analysis/FunctionMatching/thesis_code/grep_selected_results/raw/grep.gcc.O0.block.raw.log
grep.gcc.O0,block,libpcre2-8.a,YES,97.24,100.00,100.00,cross_optimization,coarse,16/16,16,0,14,16,120,00:00:00,/home/zfirefist/Desktop/Thesis_Binary_Analysis/FunctionMatching/thesis_code/grep_selected_results/raw/grep.gcc.O0.block.raw.log
grep.gcc.O0,block,libreadline.a,YES,82.37,100.00,88.97,cross_optimization,coarse,31/33,21,10,5,33,23,00:00:00,/home/zfirefist/Desktop/Thesis_Binary_Analysis/FunctionMatching/thesis_code/grep_selected_results/raw/grep.gcc.O0.block.raw.log
grep.gcc.O0,block,libuuid.a,YES,83.62,86.00,85.71,cross_optimization,coarse,5/7,5,0,2,7,6,00:00:00,/home/zfirefist/Desktop/Thesis_Binary_Analysis/FunctionMatching/thesis_code/grep_selected_results/raw/grep.gcc.O0.block.raw.log
